{"min_": [-0.42050268048529466, -0.17981239668102064, 0.0, 0.0, 0.0, 0.4130702076212584], "scale_": [0.002960244079206946, 4.837880215053451e-09, 0.0022341946720550615, 0.002357595618513683, 0.010452993933646189, 2.6777172922829986]}