{"min_": [-0.42050268048529466], "scale_": [0.002960244079206946]}